,user_name,text,lowercase,unwanted_spaces,urls,html_encodings,usernames,pne,three_characters,stopwords,tokenize,lemmatize,duplicate,clean_text
0,GinaMcGalliard üßúüèª‚Äç‚ôÄÔ∏èüåπüåï,"With not an ounce of charisma, brain cells, work ethic or human decency between them, indeed all they have to prop them up is their titles and proximity to the throne. It‚Äôs why Derangers are always harping about Kate being called ‚ÄúThe Duchess of Cambridge.‚Äù #princewilliamaffair https://t.co/B5bTJmLNNU","with not an ounce of charisma, brain cells, work ethic or human decency between them, indeed all they have to prop them up is their titles and proximity to the throne. it‚Äôs why derangers are always harping about kate being called ‚Äúthe duchess of cambridge.‚Äù #princewilliamaffair https://t.co/b5btjmlnnu","with not an ounce of charisma, brain cells, work ethic or human decency between them, indeed all they have to prop them up is their titles and proximity to the throne. it‚Äôs why derangers are always harping about kate being called ‚Äúthe duchess of cambridge.‚Äù #princewilliamaffair https://t.co/b5btjmlnnu","with not an ounce of charisma, brain cells, work ethic or human decency between them, indeed all they have to prop them up is their titles and proximity to the throne. it‚Äôs why derangers are always harping about kate being called ‚Äúthe duchess of cambridge.‚Äù #princewilliamaffair ","with not an ounce of charisma, brain cells, work ethic or human decency between them, indeed all they have to prop them up is their titles and proximity to the throne. it‚Äôs why derangers are always harping about kate being called ‚Äúthe duchess of cambridge.‚Äù #princewilliamaffair ","with not an ounce of charisma, brain cells, work ethic or human decency between them, indeed all they have to prop them up is their titles and proximity to the throne. it‚Äôs why derangers are always harping about kate being called ‚Äúthe duchess of cambridge.‚Äù #princewilliamaffair ",with not an ounce of charisma  brain cells  work ethic or human decency between them  indeed all they have to prop them up is their titles and proximity to the throne  it s why derangers are always harping about kate being called  the duchess of cambridge    princewilliamaffair ,with ounce charisma brain cells work ethic human decency between them indeed they have prop them their titles proximity throne derangers always harping about kate being called duchess cambridge princewilliamaffair,ounce charisma brain cells work ethic human decency indeed prop titles proximity throne derangers always harping kate called duchess cambridge princewilliamaffair,"['ounce', 'charisma', 'brain', 'cells', 'work', 'ethic', 'human', 'decency', 'indeed', 'prop', 'titles', 'proximity', 'throne', 'derangers', 'always', 'harping', 'kate', 'called', 'duchess', 'cambridge', 'princewilliamaffair']",ounce charisma brain cell work ethic human decency indeed prop title proximity throne derangers always harp kate call duchess cambridge princewilliamaffair,ounce charisma brain cell work ethic human decency indeed prop title proximity throne derangers always harp kate call duchess cambridge princewilliamaffair,ounce charisma brain cell work ethic human decency indeed prop title proximity throne derangers always harp kate call duchess cambridge princewilliamaffair
1,Troy Spencer,RT @Carol36994460: @ntsikasaunty @MirrorRoyal #princecharlecashforhonours  deadbeat father who stopped his security when he needed it most‚Ä¶,rt @carol36994460: @ntsikasaunty @mirrorroyal #princecharlecashforhonours  deadbeat father who stopped his security when he needed it most‚Ä¶,rt @carol36994460: @ntsikasaunty @mirrorroyal #princecharlecashforhonours deadbeat father who stopped his security when he needed it most‚Ä¶,rt @carol36994460: @ntsikasaunty @mirrorroyal #princecharlecashforhonours deadbeat father who stopped his security when he needed it most‚Ä¶,rt @carol36994460: @ntsikasaunty @mirrorroyal #princecharlecashforhonours deadbeat father who stopped his security when he needed it most‚Ä¶,rt :   #princecharlecashforhonours deadbeat father who stopped his security when he needed it most‚Ä¶,rt      princecharlecashforhonours deadbeat father who stopped his security when he needed it most ,princecharlecashforhonours deadbeat father stopped security when needed most,princecharlecashforhonours deadbeat father stopped security needed,"['princecharlecashforhonours', 'deadbeat', 'father', 'stopped', 'security', 'needed']",princecharlecashforhonours deadbeat father stop security need,princecharlecashforhonours deadbeat father stop security need,princecharlecashforhonours deadbeat father stop security need
2,Marie Bloomer,"RT @KeenKweenKate: The Future Future King adores his uncle, Noncy Drew! Being scumbags must run in the family.

#PrinceAndrew #PrinceWillia‚Ä¶","rt @keenkweenkate: the future future king adores his uncle, noncy drew! being scumbags must run in the family.

#princeandrew #princewillia‚Ä¶","rt @keenkweenkate: the future future king adores his uncle, noncy drew! being scumbags must run in the family. #princeandrew #princewillia‚Ä¶","rt @keenkweenkate: the future future king adores his uncle, noncy drew! being scumbags must run in the family. #princeandrew #princewillia‚Ä¶","rt @keenkweenkate: the future future king adores his uncle, noncy drew! being scumbags must run in the family. #princeandrew #princewillia‚Ä¶","rt : the future future king adores his uncle, noncy drew! being scumbags must run in the family. #princeandrew #princewillia‚Ä¶",rt   the future future king adores his uncle  noncy drew  being scumbags must run in the family   princeandrew  princewillia ,future future king adores uncle noncy drew being scumbags must family princeandrew princewillia,future future king adores uncle noncy drew scumbags must family princeandrew princewillia,"['future', 'future', 'king', 'adores', 'uncle', 'noncy', 'drew', 'scumbags', 'must', 'family', 'princeandrew', 'princewillia']",future future king adore uncle noncy draw scumbags must family princeandrew princewillia,future king adore uncle noncy draw scumbags must family princeandrew princewillia,future king adore uncle noncy draw scumbags must family princeandrew princewillia
3,Marie Bloomer,"RT @willina_m: 2022 is the year of FO in FAFO for the british royal ( racist, pedophiles, scamsters) family who gleefully targetted an inno‚Ä¶","rt @willina_m: 2022 is the year of fo in fafo for the british royal ( racist, pedophiles, scamsters) family who gleefully targetted an inno‚Ä¶","rt @willina_m: 2022 is the year of fo in fafo for the british royal ( racist, pedophiles, scamsters) family who gleefully targetted an inno‚Ä¶","rt @willina_m: 2022 is the year of fo in fafo for the british royal ( racist, pedophiles, scamsters) family who gleefully targetted an inno‚Ä¶","rt @willina_m: 2022 is the year of fo in fafo for the british royal ( racist, pedophiles, scamsters) family who gleefully targetted an inno‚Ä¶","rt _m: 2022 is the year of fo in fafo for the british royal ( racist, pedophiles, scamsters) family who gleefully targetted an inno‚Ä¶",rt  m       is the year of fo in fafo for the british royal   racist  pedophiles  scamsters  family who gleefully targetted an inno ,year fafo british royal racist pedophiles scamsters family gleefully targetted inno,year fafo british royal racist pedophiles scamsters family gleefully targetted inno,"['year', 'fafo', 'british', 'royal', 'racist', 'pedophiles', 'scamsters', 'family', 'gleefully', 'targetted', 'inno']",year fafo british royal racist pedophile scamsters family gleefully targetted inno,year fafo british royal racist pedophile scamsters family gleefully targetted inno,year fafo british royal racist pedophile scamsters family gleefully targetted inno
4,Marie Bloomer,"RT @tennisfanv3: Distractions
#princewilliamaffair
#abolishthemonarchy","rt @tennisfanv3: distractions
#princewilliamaffair
#abolishthemonarchy",rt @tennisfanv3: distractions #princewilliamaffair #abolishthemonarchy,rt @tennisfanv3: distractions #princewilliamaffair #abolishthemonarchy,rt @tennisfanv3: distractions #princewilliamaffair #abolishthemonarchy,rt : distractions #princewilliamaffair #abolishthemonarchy,rt   distractions  princewilliamaffair  abolishthemonarchy,distractions princewilliamaffair abolishthemonarchy,distractions princewilliamaffair abolishthemonarchy,"['distractions', 'princewilliamaffair', 'abolishthemonarchy']",distraction princewilliamaffair abolishthemonarchy,distraction princewilliamaffair abolishthemonarchy,distraction princewilliamaffair abolishthemonarchy
5,Marie Bloomer,"RT @KeenKweenKate: Kkkate: Yes, a flowy skirt. I won't wear anything underneath and the wind will do its job. Anyways, I'm off to my botox‚Ä¶","rt @keenkweenkate: kkkate: yes, a flowy skirt. i won't wear anything underneath and the wind will do its job. anyways, i'm off to my botox‚Ä¶","rt @keenkweenkate: kkkate: yes, a flowy skirt. i won't wear anything underneath and the wind will do its job. anyways, i'm off to my botox‚Ä¶","rt @keenkweenkate: kkkate: yes, a flowy skirt. i won't wear anything underneath and the wind will do its job. anyways, i'm off to my botox‚Ä¶","rt @keenkweenkate: kkkate: yes, a flowy skirt. i won't wear anything underneath and the wind will do its job. anyways, i'm off to my botox‚Ä¶","rt : kkkate: yes, a flowy skirt. i won't wear anything underneath and the wind will do its job. anyways, i'm off to my botox‚Ä¶",rt   kkkate  yes  a flowy skirt  i won t wear anything underneath and the wind will do its job  anyways  i m off to my botox ,kkkate flowy skirt wear anything underneath wind will anyways botox,kkkate flowy skirt wear anything underneath wind anyways botox,"['kkkate', 'flowy', 'skirt', 'wear', 'anything', 'underneath', 'wind', 'anyways', 'botox']",kkkate flowy skirt wear anything underneath wind anyways botox,kkkate flowy skirt wear anything underneath wind anyways botox,kkkate flowy skirt wear anything underneath wind anyways botox
6,Marie Bloomer,RT @duchessmeghanx: Isn't the #DailyFail tired of getting fed false information by the palace &amp; #princewilliamaffair ? This statement from‚Ä¶,rt @duchessmeghanx: isn't the #dailyfail tired of getting fed false information by the palace &amp; #princewilliamaffair ? this statement from‚Ä¶,rt @duchessmeghanx: isn't the #dailyfail tired of getting fed false information by the palace &amp; #princewilliamaffair ? this statement from‚Ä¶,rt @duchessmeghanx: isn't the #dailyfail tired of getting fed false information by the palace &amp; #princewilliamaffair ? this statement from‚Ä¶,rt @duchessmeghanx: isn't the #dailyfail tired of getting fed false information by the palace &amp; #princewilliamaffair ? this statement from‚Ä¶,rt : isn't the #dailyfail tired of getting fed false information by the palace &amp; #princewilliamaffair ? this statement from‚Ä¶,rt   isn t the  dailyfail tired of getting fed false information by the palace  amp   princewilliamaffair   this statement from ,dailyfail tired getting false information palace princewilliamaffair this statement from,dailyfail tired getting false information palace princewilliamaffair statement,"['dailyfail', 'tired', 'getting', 'false', 'information', 'palace', 'princewilliamaffair', 'statement']",dailyfail tire get false information palace princewilliamaffair statement,dailyfail tire get false information palace princewilliamaffair statement,dailyfail tire get false information palace princewilliamaffair statement
7,Marie Bloomer,RT @Ces_gurl: Didn‚Äôt the #dailyfail stuff up printing another front page lie regarding the Sussexes üòÇ when will they mind their own busines‚Ä¶,rt @ces_gurl: didn‚Äôt the #dailyfail stuff up printing another front page lie regarding the sussexes üòÇ when will they mind their own busines‚Ä¶,rt @ces_gurl: didn‚Äôt the #dailyfail stuff up printing another front page lie regarding the sussexes üòÇ when will they mind their own busines‚Ä¶,rt @ces_gurl: didn‚Äôt the #dailyfail stuff up printing another front page lie regarding the sussexes üòÇ when will they mind their own busines‚Ä¶,rt @ces_gurl: didn‚Äôt the #dailyfail stuff up printing another front page lie regarding the sussexes üòÇ when will they mind their own busines‚Ä¶,rt _gurl: didn‚Äôt the #dailyfail stuff up printing another front page lie regarding the sussexes üòÇ when will they mind their own busines‚Ä¶,rt  gurl  didn t the  dailyfail stuff up printing another front page lie regarding the sussexes   when will they mind their own busines ,gurl didn dailyfail stuff printing another front page regarding sussexes when will they mind their busines,gurl dailyfail stuff printing another front page regarding sussexes mind busines,"['gurl', 'dailyfail', 'stuff', 'printing', 'another', 'front', 'page', 'regarding', 'sussexes', 'mind', 'busines']",gurl dailyfail stuff print another front page regard sussex mind busines,gurl dailyfail stuff print another front page regard sussex mind busines,gurl dailyfail stuff print another front page regard sussex mind busines
8,Marie Bloomer,"RT @tennisfanv3: Don‚Äôt forget
#PrinceAndrewSued
#PrinceAndrewTrial
#PrinceAndrew
#princewilliamaffair","rt @tennisfanv3: don‚Äôt forget
#princeandrewsued
#princeandrewtrial
#princeandrew
#princewilliamaffair",rt @tennisfanv3: don‚Äôt forget #princeandrewsued #princeandrewtrial #princeandrew #princewilliamaffair,rt @tennisfanv3: don‚Äôt forget #princeandrewsued #princeandrewtrial #princeandrew #princewilliamaffair,rt @tennisfanv3: don‚Äôt forget #princeandrewsued #princeandrewtrial #princeandrew #princewilliamaffair,rt : don‚Äôt forget #princeandrewsued #princeandrewtrial #princeandrew #princewilliamaffair,rt   don t forget  princeandrewsued  princeandrewtrial  princeandrew  princewilliamaffair,forget princeandrewsued princeandrewtrial princeandrew princewilliamaffair,forget princeandrewsued princeandrewtrial princeandrew princewilliamaffair,"['forget', 'princeandrewsued', 'princeandrewtrial', 'princeandrew', 'princewilliamaffair']",forget princeandrewsued princeandrewtrial princeandrew princewilliamaffair,forget princeandrewsued princeandrewtrial princeandrew princewilliamaffair,forget princeandrewsued princeandrewtrial princeandrew princewilliamaffair
9,Marie Bloomer,RT @JamaicaSussex: @CiciTee1 @FrodoKolo Nice try #princewilliamaffair https://t.co/ejR2pg1jp0,rt @jamaicasussex: @cicitee1 @frodokolo nice try #princewilliamaffair https://t.co/ejr2pg1jp0,rt @jamaicasussex: @cicitee1 @frodokolo nice try #princewilliamaffair https://t.co/ejr2pg1jp0,rt @jamaicasussex: @cicitee1 @frodokolo nice try #princewilliamaffair ,rt @jamaicasussex: @cicitee1 @frodokolo nice try #princewilliamaffair ,rt :   nice try #princewilliamaffair ,rt     nice try  princewilliamaffair ,nice princewilliamaffair,nice princewilliamaffair,"['nice', 'princewilliamaffair']",nice princewilliamaffair,nice princewilliamaffair,nice princewilliamaffair
10,Marie Bloomer,"RT @Lailaine0815: @Purify_toast17 Wow, that‚Äôs poignant and so very sad and mean spirited BUT it makes sense coming from #PrinceWilliamAffai‚Ä¶","rt @lailaine0815: @purify_toast17 wow, that‚Äôs poignant and so very sad and mean spirited but it makes sense coming from #princewilliamaffai‚Ä¶","rt @lailaine0815: @purify_toast17 wow, that‚Äôs poignant and so very sad and mean spirited but it makes sense coming from #princewilliamaffai‚Ä¶","rt @lailaine0815: @purify_toast17 wow, that‚Äôs poignant and so very sad and mean spirited but it makes sense coming from #princewilliamaffai‚Ä¶","rt @lailaine0815: @purify_toast17 wow, that‚Äôs poignant and so very sad and mean spirited but it makes sense coming from #princewilliamaffai‚Ä¶","rt : _toast17 wow, that‚Äôs poignant and so very sad and mean spirited but it makes sense coming from #princewilliamaffai‚Ä¶",rt    toast   wow  that s poignant and so very sad and mean spirited but it makes sense coming from  princewilliamaffai ,toast that poignant very mean spirited makes sense coming from princewilliamaffai,toast poignant mean spirited makes sense coming princewilliamaffai,"['toast', 'poignant', 'mean', 'spirited', 'makes', 'sense', 'coming', 'princewilliamaffai']",toast poignant mean spirit make sense come princewilliamaffai,toast poignant mean spirit make sense come princewilliamaffai,toast poignant mean spirit make sense come princewilliamaffai
11,Supernatural TV show fan,"RT @jared_secret: I will continue to drag that trash ass degenerate ‚Äúroyal‚Äù family! 

#PrinceAndrewTrial 
#PrinceWilliamAffair 
#PrinceChar‚Ä¶","rt @jared_secret: i will continue to drag that trash ass degenerate ‚Äúroyal‚Äù family! 

#princeandrewtrial 
#princewilliamaffair 
#princechar‚Ä¶",rt @jared_secret: i will continue to drag that trash ass degenerate ‚Äúroyal‚Äù family! #princeandrewtrial #princewilliamaffair #princechar‚Ä¶,rt @jared_secret: i will continue to drag that trash ass degenerate ‚Äúroyal‚Äù family! #princeandrewtrial #princewilliamaffair #princechar‚Ä¶,rt @jared_secret: i will continue to drag that trash ass degenerate ‚Äúroyal‚Äù family! #princeandrewtrial #princewilliamaffair #princechar‚Ä¶,rt _secret: i will continue to drag that trash ass degenerate ‚Äúroyal‚Äù family! #princeandrewtrial #princewilliamaffair #princechar‚Ä¶,rt  secret  i will continue to drag that trash ass degenerate  royal  family   princeandrewtrial  princewilliamaffair  princechar ,secret will continue drag that trash degenerate royal family princeandrewtrial princewilliamaffair princechar,secret continue drag trash degenerate royal family princeandrewtrial princewilliamaffair princechar,"['secret', 'continue', 'drag', 'trash', 'degenerate', 'royal', 'family', 'princeandrewtrial', 'princewilliamaffair', 'princechar']",secret continue drag trash degenerate royal family princeandrewtrial princewilliamaffair princechar,secret continue drag trash degenerate royal family princeandrewtrial princewilliamaffair princechar,secret continue drag trash degenerate royal family princeandrewtrial princewilliamaffair princechar
12,Marie Bloomer,"RT @jared_secret: I will continue to drag that trash ass degenerate ‚Äúroyal‚Äù family! 

#PrinceAndrewTrial 
#PrinceWilliamAffair 
#PrinceChar‚Ä¶","rt @jared_secret: i will continue to drag that trash ass degenerate ‚Äúroyal‚Äù family! 

#princeandrewtrial 
#princewilliamaffair 
#princechar‚Ä¶",rt @jared_secret: i will continue to drag that trash ass degenerate ‚Äúroyal‚Äù family! #princeandrewtrial #princewilliamaffair #princechar‚Ä¶,rt @jared_secret: i will continue to drag that trash ass degenerate ‚Äúroyal‚Äù family! #princeandrewtrial #princewilliamaffair #princechar‚Ä¶,rt @jared_secret: i will continue to drag that trash ass degenerate ‚Äúroyal‚Äù family! #princeandrewtrial #princewilliamaffair #princechar‚Ä¶,rt _secret: i will continue to drag that trash ass degenerate ‚Äúroyal‚Äù family! #princeandrewtrial #princewilliamaffair #princechar‚Ä¶,rt  secret  i will continue to drag that trash ass degenerate  royal  family   princeandrewtrial  princewilliamaffair  princechar ,secret will continue drag that trash degenerate royal family princeandrewtrial princewilliamaffair princechar,secret continue drag trash degenerate royal family princeandrewtrial princewilliamaffair princechar,"['secret', 'continue', 'drag', 'trash', 'degenerate', 'royal', 'family', 'princeandrewtrial', 'princewilliamaffair', 'princechar']",secret continue drag trash degenerate royal family princeandrewtrial princewilliamaffair princechar,secret continue drag trash degenerate royal family princeandrewtrial princewilliamaffair princechar,secret continue drag trash degenerate royal family princeandrewtrial princewilliamaffair princechar
13,Marie Bloomer,RT @jess_abberton: These bots are really working hard #PrinceAndrew #princewilliamaffair #TheQueen https://t.co/X6pt5fC35B,rt @jess_abberton: these bots are really working hard #princeandrew #princewilliamaffair #thequeen https://t.co/x6pt5fc35b,rt @jess_abberton: these bots are really working hard #princeandrew #princewilliamaffair #thequeen https://t.co/x6pt5fc35b,rt @jess_abberton: these bots are really working hard #princeandrew #princewilliamaffair #thequeen ,rt @jess_abberton: these bots are really working hard #princeandrew #princewilliamaffair #thequeen ,rt _abberton: these bots are really working hard #princeandrew #princewilliamaffair #thequeen ,rt  abberton  these bots are really working hard  princeandrew  princewilliamaffair  thequeen ,abberton these bots really working hard princeandrew princewilliamaffair thequeen,abberton bots really working hard princeandrew princewilliamaffair thequeen,"['abberton', 'bots', 'really', 'working', 'hard', 'princeandrew', 'princewilliamaffair', 'thequeen']",abberton bot really work hard princeandrew princewilliamaffair thequeen,abberton bot really work hard princeandrew princewilliamaffair thequeen,abberton bot really work hard princeandrew princewilliamaffair thequeen
14,Marie Bloomer,"RT @Meritocraticist: #PrinceAndrew faces calls to pay for his own security 
#PrinceAndrewTrial #PrinceAndrewSued #UKPaysPrinceAndrewSecurit‚Ä¶","rt @meritocraticist: #princeandrew faces calls to pay for his own security 
#princeandrewtrial #princeandrewsued #ukpaysprinceandrewsecurit‚Ä¶",rt @meritocraticist: #princeandrew faces calls to pay for his own security #princeandrewtrial #princeandrewsued #ukpaysprinceandrewsecurit‚Ä¶,rt @meritocraticist: #princeandrew faces calls to pay for his own security #princeandrewtrial #princeandrewsued #ukpaysprinceandrewsecurit‚Ä¶,rt @meritocraticist: #princeandrew faces calls to pay for his own security #princeandrewtrial #princeandrewsued #ukpaysprinceandrewsecurit‚Ä¶,rt : #princeandrew faces calls to pay for his own security #princeandrewtrial #princeandrewsued #ukpaysprinceandrewsecurit‚Ä¶,rt    princeandrew faces calls to pay for his own security  princeandrewtrial  princeandrewsued  ukpaysprinceandrewsecurit ,princeandrew faces calls security princeandrewtrial princeandrewsued ukpaysprinceandrewsecurit,princeandrew faces calls security princeandrewtrial princeandrewsued ukpaysprinceandrewsecurit,"['princeandrew', 'faces', 'calls', 'security', 'princeandrewtrial', 'princeandrewsued', 'ukpaysprinceandrewsecurit']",princeandrew face call security princeandrewtrial princeandrewsued ukpaysprinceandrewsecurit,princeandrew face call security princeandrewtrial princeandrewsued ukpaysprinceandrewsecurit,princeandrew face call security princeandrewtrial princeandrewsued ukpaysprinceandrewsecurit
15,Marie Bloomer,RT @MalaikaHelena: He spoke about the invisible contract. Now who would benefit from all this misinformation at this exact time? Could it b‚Ä¶,rt @malaikahelena: he spoke about the invisible contract. now who would benefit from all this misinformation at this exact time? could it b‚Ä¶,rt @malaikahelena: he spoke about the invisible contract. now who would benefit from all this misinformation at this exact time? could it b‚Ä¶,rt @malaikahelena: he spoke about the invisible contract. now who would benefit from all this misinformation at this exact time? could it b‚Ä¶,rt @malaikahelena: he spoke about the invisible contract. now who would benefit from all this misinformation at this exact time? could it b‚Ä¶,rt : he spoke about the invisible contract. now who would benefit from all this misinformation at this exact time? could it b‚Ä¶,rt   he spoke about the invisible contract  now who would benefit from all this misinformation at this exact time  could it b ,spoke about invisible contract would benefit from this misinformation this exact time could,spoke invisible contract would benefit misinformation exact time could,"['spoke', 'invisible', 'contract', 'would', 'benefit', 'misinformation', 'exact', 'time', 'could']",speak invisible contract would benefit misinformation exact time could,speak invisible contract would benefit misinformation exact time could,speak invisible contract would benefit misinformation exact time could
16,Marie Bloomer,"RT @SouthernLady315: @KajolMomento @fanofprincephil I wonder, who thought this leak would make the #BorisResign government, #princewilliama‚Ä¶","rt @southernlady315: @kajolmomento @fanofprincephil i wonder, who thought this leak would make the #borisresign government, #princewilliama‚Ä¶","rt @southernlady315: @kajolmomento @fanofprincephil i wonder, who thought this leak would make the #borisresign government, #princewilliama‚Ä¶","rt @southernlady315: @kajolmomento @fanofprincephil i wonder, who thought this leak would make the #borisresign government, #princewilliama‚Ä¶","rt @southernlady315: @kajolmomento @fanofprincephil i wonder, who thought this leak would make the #borisresign government, #princewilliama‚Ä¶","rt :   i wonder, who thought this leak would make the #borisresign government, #princewilliama‚Ä¶",rt     i wonder  who thought this leak would make the  borisresign government   princewilliama ,wonder thought this leak would make borisresign government princewilliama,wonder thought leak would make borisresign government princewilliama,"['wonder', 'thought', 'leak', 'would', 'make', 'borisresign', 'government', 'princewilliama']",wonder think leak would make borisresign government princewilliama,wonder think leak would make borisresign government princewilliama,wonder think leak would make borisresign government princewilliama
17,Marie Bloomer,RT @GreenbackBoujee: Anyone else noticing how deceased Prince Phil‚Äôs name starts trending all of a sudden when news breaks on #PrinceWillia‚Ä¶,rt @greenbackboujee: anyone else noticing how deceased prince phil‚Äôs name starts trending all of a sudden when news breaks on #princewillia‚Ä¶,rt @greenbackboujee: anyone else noticing how deceased prince phil‚Äôs name starts trending all of a sudden when news breaks on #princewillia‚Ä¶,rt @greenbackboujee: anyone else noticing how deceased prince phil‚Äôs name starts trending all of a sudden when news breaks on #princewillia‚Ä¶,rt @greenbackboujee: anyone else noticing how deceased prince phil‚Äôs name starts trending all of a sudden when news breaks on #princewillia‚Ä¶,rt : anyone else noticing how deceased prince phil‚Äôs name starts trending all of a sudden when news breaks on #princewillia‚Ä¶,rt   anyone else noticing how deceased prince phil s name starts trending all of a sudden when news breaks on  princewillia ,anyone else noticing deceased prince phil name starts trending sudden when news breaks princewillia,anyone else noticing deceased prince phil name starts trending sudden news breaks princewillia,"['anyone', 'else', 'noticing', 'deceased', 'prince', 'phil', 'name', 'starts', 'trending', 'sudden', 'news', 'breaks', 'princewillia']",anyone else notice decease prince phil name start trend sudden news break princewillia,anyone else notice decease prince phil name start trend sudden news break princewillia,anyone else notice decease prince phil name start trend sudden news break princewillia
18,Marie Bloomer,"RT @Meritocraticist: His Royal Highnonce
#PrinceAndrewSued 

Other News
#CamillaTomineyIsALiar 
#RacistRoyalFamily
#PrinceWilliamIsABully
#‚Ä¶","rt @meritocraticist: his royal highnonce
#princeandrewsued 

other news
#camillatomineyisaliar 
#racistroyalfamily
#princewilliamisabully
#‚Ä¶",rt @meritocraticist: his royal highnonce #princeandrewsued other news #camillatomineyisaliar #racistroyalfamily #princewilliamisabully #‚Ä¶,rt @meritocraticist: his royal highnonce #princeandrewsued other news #camillatomineyisaliar #racistroyalfamily #princewilliamisabully #‚Ä¶,rt @meritocraticist: his royal highnonce #princeandrewsued other news #camillatomineyisaliar #racistroyalfamily #princewilliamisabully #‚Ä¶,rt : his royal highnonce #princeandrewsued other news #camillatomineyisaliar #racistroyalfamily #princewilliamisabully #‚Ä¶,rt   his royal highnonce  princeandrewsued other news  camillatomineyisaliar  racistroyalfamily  princewilliamisabully   ,royal highnonce princeandrewsued other news camillatomineyisaliar racistroyalfamily princewilliamisabully,royal highnonce princeandrewsued news camillatomineyisaliar racistroyalfamily princewilliamisabully,"['royal', 'highnonce', 'princeandrewsued', 'news', 'camillatomineyisaliar', 'racistroyalfamily', 'princewilliamisabully']",royal highnonce princeandrewsued news camillatomineyisaliar racistroyalfamily princewilliamisabully,royal highnonce princeandrewsued news camillatomineyisaliar racistroyalfamily princewilliamisabully,royal highnonce princeandrewsued news camillatomineyisaliar racistroyalfamily princewilliamisabully
19,Marie Bloomer,"RT @ItsjustChante: Now that the #RoyalFamily is trying to #Diana #PrinceHarry here is #Diana's accurate prediction. 
#TriedToDianaPrinceHar‚Ä¶","rt @itsjustchante: now that the #royalfamily is trying to #diana #princeharry here is #diana's accurate prediction. 
#triedtodianaprincehar‚Ä¶",rt @itsjustchante: now that the #royalfamily is trying to #diana #princeharry here is #diana's accurate prediction. #triedtodianaprincehar‚Ä¶,rt @itsjustchante: now that the #royalfamily is trying to #diana #princeharry here is #diana's accurate prediction. #triedtodianaprincehar‚Ä¶,rt @itsjustchante: now that the #royalfamily is trying to #diana #princeharry here is #diana's accurate prediction. #triedtodianaprincehar‚Ä¶,rt : now that the #royalfamily is trying to #diana #princeharry here is #diana's accurate prediction. #triedtodianaprincehar‚Ä¶,rt   now that the  royalfamily is trying to  diana  princeharry here is  diana s accurate prediction   triedtodianaprincehar ,that royalfamily trying diana princeharry here diana accurate prediction triedtodianaprincehar,royalfamily trying diana princeharry diana accurate prediction triedtodianaprincehar,"['royalfamily', 'trying', 'diana', 'princeharry', 'diana', 'accurate', 'prediction', 'triedtodianaprincehar']",royalfamily try diana princeharry diana accurate prediction triedtodianaprincehar,royalfamily try diana princeharry accurate prediction triedtodianaprincehar,royalfamily try diana princeharry accurate prediction triedtodianaprincehar
20,Marie Bloomer,RT @Lailaine0815: #PrinceWilliamAffairüåπOh here‚Äôs the other woman‚Ä¶listen carefully below ‚¨áÔ∏è cause we warned you‚Ä¶ https://t.co/v9a1TLLVVC,rt @lailaine0815: #princewilliamaffairüåπoh here‚Äôs the other woman‚Ä¶listen carefully below ‚¨áÔ∏è cause we warned you‚Ä¶ https://t.co/v9a1tllvvc,rt @lailaine0815: #princewilliamaffairüåπoh here‚Äôs the other woman‚Ä¶listen carefully below ‚¨áÔ∏è cause we warned you‚Ä¶ https://t.co/v9a1tllvvc,rt @lailaine0815: #princewilliamaffairüåπoh here‚Äôs the other woman‚Ä¶listen carefully below ‚¨áÔ∏è cause we warned you‚Ä¶ ,rt @lailaine0815: #princewilliamaffairüåπoh here‚Äôs the other woman‚Ä¶listen carefully below ‚¨áÔ∏è cause we warned you‚Ä¶ ,rt : #princewilliamaffairüåπoh here‚Äôs the other woman‚Ä¶listen carefully below ‚¨áÔ∏è cause we warned you‚Ä¶ ,rt    princewilliamaffair oh here s the other woman listen carefully below    cause we warned you  ,princewilliamaffair here other woman listen carefully below cause warned,princewilliamaffair woman listen carefully cause warned,"['princewilliamaffair', 'woman', 'listen', 'carefully', 'cause', 'warned']",princewilliamaffair woman listen carefully cause warn,princewilliamaffair woman listen carefully cause warn,princewilliamaffair woman listen carefully cause warn
21,Marie Bloomer,RT @KeenKweenKate: Don‚Äôt let lawns distract you from #PrinceWilliamAffair in car parks dogging random women and men. Don‚Äôt let silly rats d‚Ä¶,rt @keenkweenkate: don‚Äôt let lawns distract you from #princewilliamaffair in car parks dogging random women and men. don‚Äôt let silly rats d‚Ä¶,rt @keenkweenkate: don‚Äôt let lawns distract you from #princewilliamaffair in car parks dogging random women and men. don‚Äôt let silly rats d‚Ä¶,rt @keenkweenkate: don‚Äôt let lawns distract you from #princewilliamaffair in car parks dogging random women and men. don‚Äôt let silly rats d‚Ä¶,rt @keenkweenkate: don‚Äôt let lawns distract you from #princewilliamaffair in car parks dogging random women and men. don‚Äôt let silly rats d‚Ä¶,rt : don‚Äôt let lawns distract you from #princewilliamaffair in car parks dogging random women and men. don‚Äôt let silly rats d‚Ä¶,rt   don t let lawns distract you from  princewilliamaffair in car parks dogging random women and men  don t let silly rats d ,lawns distract from princewilliamaffair parks dogging random women silly rats,lawns distract princewilliamaffair parks dogging random women silly rats,"['lawns', 'distract', 'princewilliamaffair', 'parks', 'dogging', 'random', 'women', 'silly', 'rats']",lawn distract princewilliamaffair park dog random woman silly rat,lawn distract princewilliamaffair park dog random woman silly rat,lawn distract princewilliamaffair park dog random woman silly rat
22,Marie Bloomer,"RT @ogfactsmachine: Brit media stays trying to convince us this is what true love looks like lmao

#PrinceWilliam
#PrinceWilliamisaCheater‚Ä¶","rt @ogfactsmachine: brit media stays trying to convince us this is what true love looks like lmao

#princewilliam
#princewilliamisacheater‚Ä¶",rt @ogfactsmachine: brit media stays trying to convince us this is what true love looks like lmao #princewilliam #princewilliamisacheater‚Ä¶,rt @ogfactsmachine: brit media stays trying to convince us this is what true love looks like lmao #princewilliam #princewilliamisacheater‚Ä¶,rt @ogfactsmachine: brit media stays trying to convince us this is what true love looks like lmao #princewilliam #princewilliamisacheater‚Ä¶,rt : brit media stays trying to convince us this is what true love looks like lmao #princewilliam #princewilliamisacheater‚Ä¶,rt   brit media stays trying to convince us this is what true love looks like lmao  princewilliam  princewilliamisacheater ,brit media stays trying convince this what true love looks like lmao princewilliam princewilliamisacheater,brit media stays trying convince true love looks like lmao princewilliam princewilliamisacheater,"['brit', 'media', 'stays', 'trying', 'convince', 'true', 'love', 'looks', 'like', 'lmao', 'princewilliam', 'princewilliamisacheater']",brit medium stay try convince true love look like lmao princewilliam princewilliamisacheater,brit medium stay try convince true love look like lmao princewilliam princewilliamisacheater,brit medium stay try convince true love look like lmao princewilliam princewilliamisacheater
23,Marie Bloomer,RT @ClassicStarlets: Why don't the British tabloids talk about #PrinceWilliamAffair with #rosehanbury We all know it's true! @piersmorgan @‚Ä¶,rt @classicstarlets: why don't the british tabloids talk about #princewilliamaffair with #rosehanbury we all know it's true! @piersmorgan @‚Ä¶,rt @classicstarlets: why don't the british tabloids talk about #princewilliamaffair with #rosehanbury we all know it's true! @piersmorgan @‚Ä¶,rt @classicstarlets: why don't the british tabloids talk about #princewilliamaffair with #rosehanbury we all know it's true! @piersmorgan @‚Ä¶,rt @classicstarlets: why don't the british tabloids talk about #princewilliamaffair with #rosehanbury we all know it's true! @piersmorgan @‚Ä¶,rt : why don't the british tabloids talk about #princewilliamaffair with #rosehanbury we all know it's true!  @‚Ä¶,rt   why don t the british tabloids talk about  princewilliamaffair with  rosehanbury we all know it s true     ,british tabloids talk about princewilliamaffair with rosehanbury know true,british tabloids talk princewilliamaffair rosehanbury know true,"['british', 'tabloids', 'talk', 'princewilliamaffair', 'rosehanbury', 'know', 'true']",british tabloid talk princewilliamaffair rosehanbury know true,british tabloid talk princewilliamaffair rosehanbury know true,british tabloid talk princewilliamaffair rosehanbury know true
24,Marie Bloomer,"RT @safeasfuck: of all the things going on with the british royal family today, the Express chose to lead with this!!

 #PrinceAndrewTrial‚Ä¶","rt @safeasfuck: of all the things going on with the british royal family today, the express chose to lead with this!!

 #princeandrewtrial‚Ä¶","rt @safeasfuck: of all the things going on with the british royal family today, the express chose to lead with this!! #princeandrewtrial‚Ä¶","rt @safeasfuck: of all the things going on with the british royal family today, the express chose to lead with this!! #princeandrewtrial‚Ä¶","rt @safeasfuck: of all the things going on with the british royal family today, the express chose to lead with this!! #princeandrewtrial‚Ä¶","rt : of all the things going on with the british royal family today, the express chose to lead with this!! #princeandrewtrial‚Ä¶",rt   of all the things going on with the british royal family today  the express chose to lead with this    princeandrewtrial ,things going with british royal family today express chose lead with this princeandrewtrial,things going british royal family today express chose lead princeandrewtrial,"['things', 'going', 'british', 'royal', 'family', 'today', 'express', 'chose', 'lead', 'princeandrewtrial']",thing go british royal family today express choose lead princeandrewtrial,thing go british royal family today express choose lead princeandrewtrial,thing go british royal family today express choose lead princeandrewtrial
25,Marie Bloomer,"RT @byetwit: NOT news
H&amp;M's lawn, spotify/netflix deal

NEWS where Journalism is desperately needed
#PrinceWilliamAffair
#PrinceAndrewSued‚Ä¶","rt @byetwit: not news
h&amp;m's lawn, spotify/netflix deal

news where journalism is desperately needed
#princewilliamaffair
#princeandrewsued‚Ä¶","rt @byetwit: not news h&amp;m's lawn, spotify/netflix deal news where journalism is desperately needed #princewilliamaffair #princeandrewsued‚Ä¶","rt @byetwit: not news h&amp;m's lawn, spotify/netflix deal news where journalism is desperately needed #princewilliamaffair #princeandrewsued‚Ä¶","rt @byetwit: not news h&amp;m's lawn, spotify/netflix deal news where journalism is desperately needed #princewilliamaffair #princeandrewsued‚Ä¶","rt : not news h&amp;m's lawn, spotify/netflix deal news where journalism is desperately needed #princewilliamaffair #princeandrewsued‚Ä¶",rt   not news h amp m s lawn  spotify netflix deal news where journalism is desperately needed  princewilliamaffair  princeandrewsued ,news lawn spotify netflix deal news where journalism desperately needed princewilliamaffair princeandrewsued,news lawn spotify netflix deal news journalism desperately needed princewilliamaffair princeandrewsued,"['news', 'lawn', 'spotify', 'netflix', 'deal', 'news', 'journalism', 'desperately', 'needed', 'princewilliamaffair', 'princeandrewsued']",news lawn spotify netflix deal news journalism desperately need princewilliamaffair princeandrewsued,news lawn spotify netflix deal journalism desperately need princewilliamaffair princeandrewsued,news lawn spotify netflix deal journalism desperately need princewilliamaffair princeandrewsued
26,Marie Bloomer,"RT @SussexInspired: At the end of the day #BorisJohnson lied, #PrinceAndrew is a nonc* and #PrinceWilliamAffair is being protected by the #‚Ä¶","rt @sussexinspired: at the end of the day #borisjohnson lied, #princeandrew is a nonc* and #princewilliamaffair is being protected by the #‚Ä¶","rt @sussexinspired: at the end of the day #borisjohnson lied, #princeandrew is a nonc* and #princewilliamaffair is being protected by the #‚Ä¶","rt @sussexinspired: at the end of the day #borisjohnson lied, #princeandrew is a nonc* and #princewilliamaffair is being protected by the #‚Ä¶","rt @sussexinspired: at the end of the day #borisjohnson lied, #princeandrew is a nonc* and #princewilliamaffair is being protected by the #‚Ä¶","rt : at the end of the day #borisjohnson lied, #princeandrew is a nonc* and #princewilliamaffair is being protected by the #‚Ä¶",rt   at the end of the day  borisjohnson lied   princeandrew is a nonc  and  princewilliamaffair is being protected by the   ,borisjohnson lied princeandrew nonc princewilliamaffair being protected,borisjohnson lied princeandrew nonc princewilliamaffair protected,"['borisjohnson', 'lied', 'princeandrew', 'nonc', 'princewilliamaffair', 'protected']",borisjohnson lie princeandrew nonc princewilliamaffair protect,borisjohnson lie princeandrew nonc princewilliamaffair protect,borisjohnson lie princeandrew nonc princewilliamaffair protect
27,Marie Bloomer,RT @shaymayne_sha: Who caresüíû Nonsense #princewilliamaffair #MeghanMarkleisaLiar #California #Califreaks https://t.co/nQh7Q8QISJ,rt @shaymayne_sha: who caresüíû nonsense #princewilliamaffair #meghanmarkleisaliar #california #califreaks https://t.co/nqh7q8qisj,rt @shaymayne_sha: who caresüíû nonsense #princewilliamaffair #meghanmarkleisaliar #california #califreaks https://t.co/nqh7q8qisj,rt @shaymayne_sha: who caresüíû nonsense #princewilliamaffair #meghanmarkleisaliar #california #califreaks ,rt @shaymayne_sha: who caresüíû nonsense #princewilliamaffair #meghanmarkleisaliar #california #califreaks ,rt _sha: who caresüíû nonsense #princewilliamaffair #meghanmarkleisaliar #california #califreaks ,rt  sha  who cares  nonsense  princewilliamaffair  meghanmarkleisaliar  california  califreaks ,cares nonsense princewilliamaffair meghanmarkleisaliar california califreaks,cares nonsense princewilliamaffair meghanmarkleisaliar california califreaks,"['cares', 'nonsense', 'princewilliamaffair', 'meghanmarkleisaliar', 'california', 'califreaks']",care nonsense princewilliamaffair meghanmarkleisaliar california califreaks,care nonsense princewilliamaffair meghanmarkleisaliar california califreaks,care nonsense princewilliamaffair meghanmarkleisaliar california califreaks
28,Marie Bloomer,"RT @grundytv: @jared_secret and he had the nerve to try and give prince harry marital advice,,, #princewilliamaffair https://t.co/CYsWO1DOJk","rt @grundytv: @jared_secret and he had the nerve to try and give prince harry marital advice,,, #princewilliamaffair https://t.co/cyswo1dojk","rt @grundytv: @jared_secret and he had the nerve to try and give prince harry marital advice,,, #princewilliamaffair https://t.co/cyswo1dojk","rt @grundytv: @jared_secret and he had the nerve to try and give prince harry marital advice,,, #princewilliamaffair ","rt @grundytv: @jared_secret and he had the nerve to try and give prince harry marital advice,,, #princewilliamaffair ","rt : _secret and he had the nerve to try and give prince harry marital advice,,, #princewilliamaffair ",rt    secret and he had the nerve to try and give prince harry marital advice     princewilliamaffair ,secret nerve give prince harry marital advice princewilliamaffair,secret nerve give prince harry marital advice princewilliamaffair,"['secret', 'nerve', 'give', 'prince', 'harry', 'marital', 'advice', 'princewilliamaffair']",secret nerve give prince harry marital advice princewilliamaffair,secret nerve give prince harry marital advice princewilliamaffair,secret nerve give prince harry marital advice princewilliamaffair
29,Marie Bloomer,"RT @KeenKweenKate: Oh how I wish I was a princess with a husband who adored me. But instead I am a welfare kkkween, with a husband that has‚Ä¶","rt @keenkweenkate: oh how i wish i was a princess with a husband who adored me. but instead i am a welfare kkkween, with a husband that has‚Ä¶","rt @keenkweenkate: oh how i wish i was a princess with a husband who adored me. but instead i am a welfare kkkween, with a husband that has‚Ä¶","rt @keenkweenkate: oh how i wish i was a princess with a husband who adored me. but instead i am a welfare kkkween, with a husband that has‚Ä¶","rt @keenkweenkate: oh how i wish i was a princess with a husband who adored me. but instead i am a welfare kkkween, with a husband that has‚Ä¶","rt : oh how i wish i was a princess with a husband who adored me. but instead i am a welfare kkkween, with a husband that has‚Ä¶",rt   oh how i wish i was a princess with a husband who adored me  but instead i am a welfare kkkween  with a husband that has ,wish princess with husband adored instead welfare kkkween with husband that,wish princess husband adored instead welfare kkkween husband,"['wish', 'princess', 'husband', 'adored', 'instead', 'welfare', 'kkkween', 'husband']",wish princess husband adore instead welfare kkkween husband,wish princess husband adore instead welfare kkkween,wish princess husband adore instead welfare kkkween
30,Marie Bloomer,"RT @realfranzprusse: Numerous bots have been activated across UK reporter‚Äôs  Twitter accounts to basically feel sorry for the Queen, trash‚Ä¶","rt @realfranzprusse: numerous bots have been activated across uk reporter‚Äôs  twitter accounts to basically feel sorry for the queen, trash‚Ä¶","rt @realfranzprusse: numerous bots have been activated across uk reporter‚Äôs twitter accounts to basically feel sorry for the queen, trash‚Ä¶","rt @realfranzprusse: numerous bots have been activated across uk reporter‚Äôs twitter accounts to basically feel sorry for the queen, trash‚Ä¶","rt @realfranzprusse: numerous bots have been activated across uk reporter‚Äôs twitter accounts to basically feel sorry for the queen, trash‚Ä¶","rt : numerous bots have been activated across uk reporter‚Äôs twitter accounts to basically feel sorry for the queen, trash‚Ä¶",rt   numerous bots have been activated across uk reporter s twitter accounts to basically feel sorry for the queen  trash ,numerous bots have been activated across reporter twitter accounts basically feel sorry queen trash,numerous bots activated across reporter twitter accounts basically feel sorry queen trash,"['numerous', 'bots', 'activated', 'across', 'reporter', 'twitter', 'accounts', 'basically', 'feel', 'sorry', 'queen', 'trash']",numerous bot activate across reporter twitter account basically feel sorry queen trash,numerous bot activate across reporter twitter account basically feel sorry queen trash,numerous bot activate across reporter twitter account basically feel sorry queen trash
31,Marie Bloomer,"RT @Saneisha5: Karma is having a good day in the Monarchy and American politics 
@#karma #PrinceAndrew #princewilliamaffair https://t.co/Qw‚Ä¶","rt @saneisha5: karma is having a good day in the monarchy and american politics 
@#karma #princeandrew #princewilliamaffair https://t.co/qw‚Ä¶",rt @saneisha5: karma is having a good day in the monarchy and american politics @#karma #princeandrew #princewilliamaffair https://t.co/qw‚Ä¶,rt @saneisha5: karma is having a good day in the monarchy and american politics @#karma #princeandrew #princewilliamaffair ,rt @saneisha5: karma is having a good day in the monarchy and american politics @#karma #princeandrew #princewilliamaffair ,rt : karma is having a good day in the monarchy and american politics @#karma #princeandrew #princewilliamaffair ,rt   karma is having a good day in the monarchy and american politics   karma  princeandrew  princewilliamaffair ,karma having good monarchy american politics karma princeandrew princewilliamaffair,karma good monarchy american politics karma princeandrew princewilliamaffair,"['karma', 'good', 'monarchy', 'american', 'politics', 'karma', 'princeandrew', 'princewilliamaffair']",karma good monarchy american politics karma princeandrew princewilliamaffair,karma good monarchy american politics princeandrew princewilliamaffair,karma good monarchy american politics princeandrew princewilliamaffair
32,Marie Bloomer,RT @sussexsquadpod1: Since #QueenElizabeth is finally making decisions based on what we saw with #PrinceAndrew is she going to ungag the pr‚Ä¶,rt @sussexsquadpod1: since #queenelizabeth is finally making decisions based on what we saw with #princeandrew is she going to ungag the pr‚Ä¶,rt @sussexsquadpod1: since #queenelizabeth is finally making decisions based on what we saw with #princeandrew is she going to ungag the pr‚Ä¶,rt @sussexsquadpod1: since #queenelizabeth is finally making decisions based on what we saw with #princeandrew is she going to ungag the pr‚Ä¶,rt @sussexsquadpod1: since #queenelizabeth is finally making decisions based on what we saw with #princeandrew is she going to ungag the pr‚Ä¶,rt : since #queenelizabeth is finally making decisions based on what we saw with #princeandrew is she going to ungag the pr‚Ä¶,rt   since  queenelizabeth is finally making decisions based on what we saw with  princeandrew is she going to ungag the pr ,since queenelizabeth finally making decisions based what with princeandrew going ungag,since queenelizabeth finally making decisions based princeandrew going ungag,"['since', 'queenelizabeth', 'finally', 'making', 'decisions', 'based', 'princeandrew', 'going', 'ungag']",since queenelizabeth finally make decision base princeandrew go ungag,since queenelizabeth finally make decision base princeandrew go ungag,since queenelizabeth finally make decision base princeandrew go ungag
33,Marie Bloomer,"RT @Ces_gurl: Someone needs to tell William and Andrew that a happy Meghan, along with a much stronger Harry, will not be their whipping bo‚Ä¶","rt @ces_gurl: someone needs to tell william and andrew that a happy meghan, along with a much stronger harry, will not be their whipping bo‚Ä¶","rt @ces_gurl: someone needs to tell william and andrew that a happy meghan, along with a much stronger harry, will not be their whipping bo‚Ä¶","rt @ces_gurl: someone needs to tell william and andrew that a happy meghan, along with a much stronger harry, will not be their whipping bo‚Ä¶","rt @ces_gurl: someone needs to tell william and andrew that a happy meghan, along with a much stronger harry, will not be their whipping bo‚Ä¶","rt _gurl: someone needs to tell william and andrew that a happy meghan, along with a much stronger harry, will not be their whipping bo‚Ä¶",rt  gurl  someone needs to tell william and andrew that a happy meghan  along with a much stronger harry  will not be their whipping bo ,gurl someone needs tell william andrew that happy meghan along with much stronger harry will their whipping,gurl someone needs tell william andrew happy meghan along much stronger harry whipping,"['gurl', 'someone', 'needs', 'tell', 'william', 'andrew', 'happy', 'meghan', 'along', 'much', 'stronger', 'harry', 'whipping']",gurl someone need tell william andrew happy meghan along much strong harry whip,gurl someone need tell william andrew happy meghan along much strong harry whip,gurl someone need tell william andrew happy meghan along much strong harry whip
34,Marie Bloomer,"RT @byetwit: Since #PrinceWilliamAffair is so willing to take credit for making the #RacistRoyalFamily's ""tough"" decisions. We can blame hi‚Ä¶","rt @byetwit: since #princewilliamaffair is so willing to take credit for making the #racistroyalfamily's ""tough"" decisions. we can blame hi‚Ä¶","rt @byetwit: since #princewilliamaffair is so willing to take credit for making the #racistroyalfamily's ""tough"" decisions. we can blame hi‚Ä¶","rt @byetwit: since #princewilliamaffair is so willing to take credit for making the #racistroyalfamily's ""tough"" decisions. we can blame hi‚Ä¶","rt @byetwit: since #princewilliamaffair is so willing to take credit for making the #racistroyalfamily's ""tough"" decisions. we can blame hi‚Ä¶","rt : since #princewilliamaffair is so willing to take credit for making the #racistroyalfamily's ""tough"" decisions. we can blame hi‚Ä¶",rt   since  princewilliamaffair is so willing to take credit for making the  racistroyalfamily s  tough  decisions  we can blame hi ,since princewilliamaffair willing take credit making racistroyalfamily tough decisions blame,since princewilliamaffair willing take credit making racistroyalfamily tough decisions blame,"['since', 'princewilliamaffair', 'willing', 'take', 'credit', 'making', 'racistroyalfamily', 'tough', 'decisions', 'blame']",since princewilliamaffair will take credit make racistroyalfamily tough decision blame,since princewilliamaffair will take credit make racistroyalfamily tough decision blame,since princewilliamaffair will take credit make racistroyalfamily tough decision blame
35,Marie Bloomer,"RT @margmak: Leak‚Ä¶‚Ä¶.
Surreptitious TIMING:
#Distraction 
#PartyGate #DowningStreet 
#BorisJohnsonResign #Scandal #SueGray #Andrew #PrinceAn‚Ä¶","rt @margmak: leak‚Ä¶‚Ä¶.
surreptitious timing:
#distraction 
#partygate #downingstreet 
#borisjohnsonresign #scandal #suegray #andrew #princean‚Ä¶",rt @margmak: leak‚Ä¶‚Ä¶. surreptitious timing: #distraction #partygate #downingstreet #borisjohnsonresign #scandal #suegray #andrew #princean‚Ä¶,rt @margmak: leak‚Ä¶‚Ä¶. surreptitious timing: #distraction #partygate #downingstreet #borisjohnsonresign #scandal #suegray #andrew #princean‚Ä¶,rt @margmak: leak‚Ä¶‚Ä¶. surreptitious timing: #distraction #partygate #downingstreet #borisjohnsonresign #scandal #suegray #andrew #princean‚Ä¶,rt : leak‚Ä¶‚Ä¶. surreptitious timing: #distraction #partygate #downingstreet #borisjohnsonresign #scandal #suegray #andrew #princean‚Ä¶,rt   leak    surreptitious timing   distraction  partygate  downingstreet  borisjohnsonresign  scandal  suegray  andrew  princean ,leak surreptitious timing distraction partygate downingstreet borisjohnsonresign scandal suegray andrew princean,leak surreptitious timing distraction partygate downingstreet borisjohnsonresign scandal suegray andrew princean,"['leak', 'surreptitious', 'timing', 'distraction', 'partygate', 'downingstreet', 'borisjohnsonresign', 'scandal', 'suegray', 'andrew', 'princean']",leak surreptitious time distraction partygate downingstreet borisjohnsonresign scandal suegray andrew princean,leak surreptitious time distraction partygate downingstreet borisjohnsonresign scandal suegray andrew princean,leak surreptitious time distraction partygate downingstreet borisjohnsonresign scandal suegray andrew princean
36,Marie Bloomer,RT @byetwit: Prove to me that #PrinceWilliamAffair didn't direct his friends at Viscount Rothermere's #DailyFail to print the lie about som‚Ä¶,rt @byetwit: prove to me that #princewilliamaffair didn't direct his friends at viscount rothermere's #dailyfail to print the lie about som‚Ä¶,rt @byetwit: prove to me that #princewilliamaffair didn't direct his friends at viscount rothermere's #dailyfail to print the lie about som‚Ä¶,rt @byetwit: prove to me that #princewilliamaffair didn't direct his friends at viscount rothermere's #dailyfail to print the lie about som‚Ä¶,rt @byetwit: prove to me that #princewilliamaffair didn't direct his friends at viscount rothermere's #dailyfail to print the lie about som‚Ä¶,rt : prove to me that #princewilliamaffair didn't direct his friends at viscount rothermere's #dailyfail to print the lie about som‚Ä¶,rt   prove to me that  princewilliamaffair didn t direct his friends at viscount rothermere s  dailyfail to print the lie about som ,prove that princewilliamaffair didn direct friends viscount rothermere dailyfail print about,prove princewilliamaffair direct friends viscount rothermere dailyfail print,"['prove', 'princewilliamaffair', 'direct', 'friends', 'viscount', 'rothermere', 'dailyfail', 'print']",prove princewilliamaffair direct friend viscount rothermere dailyfail print,prove princewilliamaffair direct friend viscount rothermere dailyfail print,prove princewilliamaffair direct friend viscount rothermere dailyfail print
37,Marie Bloomer,"RT @Lord_Belacqua: The Sussex Squad are desperate to abuse Rose Hanbury, a young mother of small children with lies.

I guess this just abo‚Ä¶","rt @lord_belacqua: the sussex squad are desperate to abuse rose hanbury, a young mother of small children with lies.

i guess this just abo‚Ä¶","rt @lord_belacqua: the sussex squad are desperate to abuse rose hanbury, a young mother of small children with lies. i guess this just abo‚Ä¶","rt @lord_belacqua: the sussex squad are desperate to abuse rose hanbury, a young mother of small children with lies. i guess this just abo‚Ä¶","rt @lord_belacqua: the sussex squad are desperate to abuse rose hanbury, a young mother of small children with lies. i guess this just abo‚Ä¶","rt _belacqua: the sussex squad are desperate to abuse rose hanbury, a young mother of small children with lies. i guess this just abo‚Ä¶",rt  belacqua  the sussex squad are desperate to abuse rose hanbury  a young mother of small children with lies  i guess this just abo ,belacqua sussex squad desperate abuse rose hanbury young mother small children with lies guess this just,belacqua sussex squad desperate abuse rose hanbury young mother small children lies guess,"['belacqua', 'sussex', 'squad', 'desperate', 'abuse', 'rose', 'hanbury', 'young', 'mother', 'small', 'children', 'lies', 'guess']",belacqua sussex squad desperate abuse rise hanbury young mother small child lie guess,belacqua sussex squad desperate abuse rise hanbury young mother small child lie guess,belacqua sussex squad desperate abuse rise hanbury young mother small child lie guess
38,Marie Bloomer,"RT @sannetje_26: #TriedToDianaPrinceHarry 
And his family just because he married a black woman. Hell won't be good enough for these people‚Ä¶","rt @sannetje_26: #triedtodianaprinceharry 
and his family just because he married a black woman. hell won't be good enough for these people‚Ä¶",rt @sannetje_26: #triedtodianaprinceharry and his family just because he married a black woman. hell won't be good enough for these people‚Ä¶,rt @sannetje_26: #triedtodianaprinceharry and his family just because he married a black woman. hell won't be good enough for these people‚Ä¶,rt @sannetje_26: #triedtodianaprinceharry and his family just because he married a black woman. hell won't be good enough for these people‚Ä¶,rt _26: #triedtodianaprinceharry and his family just because he married a black woman. hell won't be good enough for these people‚Ä¶,rt       triedtodianaprinceharry and his family just because he married a black woman  hell won t be good enough for these people ,triedtodianaprinceharry family just because married black woman hell good enough these people,triedtodianaprinceharry family married black woman hell good enough people,"['triedtodianaprinceharry', 'family', 'married', 'black', 'woman', 'hell', 'good', 'enough', 'people']",triedtodianaprinceharry family marry black woman hell good enough people,triedtodianaprinceharry family marry black woman hell good enough people,triedtodianaprinceharry family marry black woman hell good enough people
39,Marie Bloomer,"RT @ArchieStannumb1: Every time they attack Harry or Meghan without reason, please use #princewilliamaffair and #PrinceAndrew to respond.Ma‚Ä¶","rt @archiestannumb1: every time they attack harry or meghan without reason, please use #princewilliamaffair and #princeandrew to respond.ma‚Ä¶","rt @archiestannumb1: every time they attack harry or meghan without reason, please use #princewilliamaffair and #princeandrew to respond.ma‚Ä¶","rt @archiestannumb1: every time they attack harry or meghan without reason, please use #princewilliamaffair and #princeandrew to respond.ma‚Ä¶","rt @archiestannumb1: every time they attack harry or meghan without reason, please use #princewilliamaffair and #princeandrew to respond.ma‚Ä¶","rt : every time they attack harry or meghan without reason, please use #princewilliamaffair and #princeandrew to respond.ma‚Ä¶",rt   every time they attack harry or meghan without reason  please use  princewilliamaffair and  princeandrew to respond ma ,every time they attack harry meghan without reason please princewilliamaffair princeandrew respond,every time attack harry meghan without reason please princewilliamaffair princeandrew respond,"['every', 'time', 'attack', 'harry', 'meghan', 'without', 'reason', 'please', 'princewilliamaffair', 'princeandrew', 'respond']",every time attack harry meghan without reason please princewilliamaffair princeandrew respond,every time attack harry meghan without reason please princewilliamaffair princeandrew respond,every time attack harry meghan without reason please princewilliamaffair princeandrew respond
40,Marie Bloomer,RT @DBFole13: Whatever happened to #princewilliamaffair ?,rt @dbfole13: whatever happened to #princewilliamaffair ?,rt @dbfole13: whatever happened to #princewilliamaffair ?,rt @dbfole13: whatever happened to #princewilliamaffair ?,rt @dbfole13: whatever happened to #princewilliamaffair ?,rt : whatever happened to #princewilliamaffair ?,rt   whatever happened to  princewilliamaffair  ,whatever happened princewilliamaffair,whatever happened princewilliamaffair,"['whatever', 'happened', 'princewilliamaffair']",whatever happen princewilliamaffair,whatever happen princewilliamaffair,whatever happen princewilliamaffair
41,Marie Bloomer,"RT @MakanaSmakana: First #princewilliamaffair trended globally, then Flopiana (thanks @PaganTrelawney ) flopped with her birthday PR, now #‚Ä¶","rt @makanasmakana: first #princewilliamaffair trended globally, then flopiana (thanks @pagantrelawney ) flopped with her birthday pr, now #‚Ä¶","rt @makanasmakana: first #princewilliamaffair trended globally, then flopiana (thanks @pagantrelawney ) flopped with her birthday pr, now #‚Ä¶","rt @makanasmakana: first #princewilliamaffair trended globally, then flopiana (thanks @pagantrelawney ) flopped with her birthday pr, now #‚Ä¶","rt @makanasmakana: first #princewilliamaffair trended globally, then flopiana (thanks @pagantrelawney ) flopped with her birthday pr, now #‚Ä¶","rt : first #princewilliamaffair trended globally, then flopiana (thanks  ) flopped with her birthday pr, now #‚Ä¶",rt   first  princewilliamaffair trended globally  then flopiana  thanks    flopped with her birthday pr  now   ,first princewilliamaffair trended globally then flopiana thanks flopped with birthday,first princewilliamaffair trended globally flopiana thanks flopped birthday,"['first', 'princewilliamaffair', 'trended', 'globally', 'flopiana', 'thanks', 'flopped', 'birthday']",first princewilliamaffair trend globally flopiana thank flop birthday,first princewilliamaffair trend globally flopiana thank flop birthday,first princewilliamaffair trend globally flopiana thank flop birthday
42,Marie Bloomer,"RT @ladyrocksavage: Let it be known there are reasons why we never got stories of #princewilliamaffair being a good soldier, an asset while‚Ä¶","rt @ladyrocksavage: let it be known there are reasons why we never got stories of #princewilliamaffair being a good soldier, an asset while‚Ä¶","rt @ladyrocksavage: let it be known there are reasons why we never got stories of #princewilliamaffair being a good soldier, an asset while‚Ä¶","rt @ladyrocksavage: let it be known there are reasons why we never got stories of #princewilliamaffair being a good soldier, an asset while‚Ä¶","rt @ladyrocksavage: let it be known there are reasons why we never got stories of #princewilliamaffair being a good soldier, an asset while‚Ä¶","rt : let it be known there are reasons why we never got stories of #princewilliamaffair being a good soldier, an asset while‚Ä¶",rt   let it be known there are reasons why we never got stories of  princewilliamaffair being a good soldier  an asset while ,known there reasons never stories princewilliamaffair being good soldier asset while,known reasons never stories princewilliamaffair good soldier asset,"['known', 'reasons', 'never', 'stories', 'princewilliamaffair', 'good', 'soldier', 'asset']",know reason never story princewilliamaffair good soldier asset,know reason never story princewilliamaffair good soldier asset,know reason never story princewilliamaffair good soldier asset
43,Marie Bloomer,"RT @jared_secret: When does #PrinceAndrewTrial start? I know #PrinceWilliamAffair #PrinceCharlesTamponKing, and #QueenElizabethIIenablesdeg‚Ä¶","rt @jared_secret: when does #princeandrewtrial start? i know #princewilliamaffair #princecharlestamponking, and #queenelizabethiienablesdeg‚Ä¶","rt @jared_secret: when does #princeandrewtrial start? i know #princewilliamaffair #princecharlestamponking, and #queenelizabethiienablesdeg‚Ä¶","rt @jared_secret: when does #princeandrewtrial start? i know #princewilliamaffair #princecharlestamponking, and #queenelizabethiienablesdeg‚Ä¶","rt @jared_secret: when does #princeandrewtrial start? i know #princewilliamaffair #princecharlestamponking, and #queenelizabethiienablesdeg‚Ä¶","rt _secret: when does #princeandrewtrial start? i know #princewilliamaffair #princecharlestamponking, and #queenelizabethiienablesdeg‚Ä¶",rt  secret  when does  princeandrewtrial start  i know  princewilliamaffair  princecharlestamponking  and  queenelizabethiienablesdeg ,secret when does princeandrewtrial start know princewilliamaffair princecharlestamponking queenelizabethiienablesdeg,secret princeandrewtrial start know princewilliamaffair princecharlestamponking queenelizabethiienablesdeg,"['secret', 'princeandrewtrial', 'start', 'know', 'princewilliamaffair', 'princecharlestamponking', 'queenelizabethiienablesdeg']",secret princeandrewtrial start know princewilliamaffair princecharlestamponking queenelizabethiienablesdeg,secret princeandrewtrial start know princewilliamaffair princecharlestamponking queenelizabethiienablesdeg,secret princeandrewtrial start know princewilliamaffair princecharlestamponking queenelizabethiienablesdeg
44,Marie Bloomer,"RT @S3cret_Squirr3l: #princewilliamaffair 

Like father like son. https://t.co/5fRrXL04vN","rt @s3cret_squirr3l: #princewilliamaffair 

like father like son. https://t.co/5frrxl04vn",rt @s3cret_squirr3l: #princewilliamaffair like father like son. https://t.co/5frrxl04vn,rt @s3cret_squirr3l: #princewilliamaffair like father like son. ,rt @s3cret_squirr3l: #princewilliamaffair like father like son. ,rt _squirr3l: #princewilliamaffair like father like son. ,rt  squirr l   princewilliamaffair like father like son  ,squirr princewilliamaffair like father like,squirr princewilliamaffair like father like,"['squirr', 'princewilliamaffair', 'like', 'father', 'like']",squirr princewilliamaffair like father like,squirr princewilliamaffair like father,squirr princewilliamaffair like father
45,Marie Bloomer,RT @brenbrenchie: #PrinceAndrewSued is a nonce who is being sued! That‚Äôs the only news that‚Äôs relevant right now. Second place is #PrinceWi‚Ä¶,rt @brenbrenchie: #princeandrewsued is a nonce who is being sued! that‚Äôs the only news that‚Äôs relevant right now. second place is #princewi‚Ä¶,rt @brenbrenchie: #princeandrewsued is a nonce who is being sued! that‚Äôs the only news that‚Äôs relevant right now. second place is #princewi‚Ä¶,rt @brenbrenchie: #princeandrewsued is a nonce who is being sued! that‚Äôs the only news that‚Äôs relevant right now. second place is #princewi‚Ä¶,rt @brenbrenchie: #princeandrewsued is a nonce who is being sued! that‚Äôs the only news that‚Äôs relevant right now. second place is #princewi‚Ä¶,rt : #princeandrewsued is a nonce who is being sued! that‚Äôs the only news that‚Äôs relevant right now. second place is #princewi‚Ä¶,rt    princeandrewsued is a nonce who is being sued  that s the only news that s relevant right now  second place is  princewi ,princeandrewsued nonce being sued that only news that relevant right second place princewi,princeandrewsued nonce sued news relevant right second place princewi,"['princeandrewsued', 'nonce', 'sued', 'news', 'relevant', 'right', 'second', 'place', 'princewi']",princeandrewsued nonce sue news relevant right second place princewi,princeandrewsued nonce sue news relevant right second place princewi,princeandrewsued nonce sue news relevant right second place princewi
46,Marie Bloomer,"RT @jared_secret: #Sussexsquad, every time they lie about H&amp;M, we should get that trash ass ‚Äúroyal‚Äù family trending for their degeneracy!‚Ä¶","rt @jared_secret: #sussexsquad, every time they lie about h&amp;m, we should get that trash ass ‚Äúroyal‚Äù family trending for their degeneracy!‚Ä¶","rt @jared_secret: #sussexsquad, every time they lie about h&amp;m, we should get that trash ass ‚Äúroyal‚Äù family trending for their degeneracy!‚Ä¶","rt @jared_secret: #sussexsquad, every time they lie about h&amp;m, we should get that trash ass ‚Äúroyal‚Äù family trending for their degeneracy!‚Ä¶","rt @jared_secret: #sussexsquad, every time they lie about h&amp;m, we should get that trash ass ‚Äúroyal‚Äù family trending for their degeneracy!‚Ä¶","rt _secret: #sussexsquad, every time they lie about h&amp;m, we should get that trash ass ‚Äúroyal‚Äù family trending for their degeneracy!‚Ä¶",rt  secret   sussexsquad  every time they lie about h amp m  we should get that trash ass  royal  family trending for their degeneracy  ,secret sussexsquad every time they about should that trash royal family trending their degeneracy,secret sussexsquad every time trash royal family trending degeneracy,"['secret', 'sussexsquad', 'every', 'time', 'trash', 'royal', 'family', 'trending', 'degeneracy']",secret sussexsquad every time trash royal family trend degeneracy,secret sussexsquad every time trash royal family trend degeneracy,secret sussexsquad every time trash royal family trend degeneracy
47,Marie Bloomer,"RT @isexton: I fixed the picture for accuracy.
#princeandrewisnext #princewilliamaffair #MeghanMarkleWon https://t.co/oKCcmR5AJp","rt @isexton: i fixed the picture for accuracy.
#princeandrewisnext #princewilliamaffair #meghanmarklewon https://t.co/okccmr5ajp",rt @isexton: i fixed the picture for accuracy. #princeandrewisnext #princewilliamaffair #meghanmarklewon https://t.co/okccmr5ajp,rt @isexton: i fixed the picture for accuracy. #princeandrewisnext #princewilliamaffair #meghanmarklewon ,rt @isexton: i fixed the picture for accuracy. #princeandrewisnext #princewilliamaffair #meghanmarklewon ,rt : i fixed the picture for accuracy. #princeandrewisnext #princewilliamaffair #meghanmarklewon ,rt   i fixed the picture for accuracy   princeandrewisnext  princewilliamaffair  meghanmarklewon ,fixed picture accuracy princeandrewisnext princewilliamaffair meghanmarklewon,fixed picture accuracy princeandrewisnext princewilliamaffair meghanmarklewon,"['fixed', 'picture', 'accuracy', 'princeandrewisnext', 'princewilliamaffair', 'meghanmarklewon']",fix picture accuracy princeandrewisnext princewilliamaffair meghanmarklewon,fix picture accuracy princeandrewisnext princewilliamaffair meghanmarklewon,fix picture accuracy princeandrewisnext princewilliamaffair meghanmarklewon
48,Marie Bloomer,RT @jared_secret: Did you know that #PrinceWilliamAffair allegedly has another daughter with Rose Hanbury? That‚Äôs real messed up that #Prin‚Ä¶,rt @jared_secret: did you know that #princewilliamaffair allegedly has another daughter with rose hanbury? that‚Äôs real messed up that #prin‚Ä¶,rt @jared_secret: did you know that #princewilliamaffair allegedly has another daughter with rose hanbury? that‚Äôs real messed up that #prin‚Ä¶,rt @jared_secret: did you know that #princewilliamaffair allegedly has another daughter with rose hanbury? that‚Äôs real messed up that #prin‚Ä¶,rt @jared_secret: did you know that #princewilliamaffair allegedly has another daughter with rose hanbury? that‚Äôs real messed up that #prin‚Ä¶,rt _secret: did you know that #princewilliamaffair allegedly has another daughter with rose hanbury? that‚Äôs real messed up that #prin‚Ä¶,rt  secret  did you know that  princewilliamaffair allegedly has another daughter with rose hanbury  that s real messed up that  prin ,secret know that princewilliamaffair allegedly another daughter with rose hanbury that real messed that prin,secret know princewilliamaffair allegedly another daughter rose hanbury real messed prin,"['secret', 'know', 'princewilliamaffair', 'allegedly', 'another', 'daughter', 'rose', 'hanbury', 'real', 'messed', 'prin']",secret know princewilliamaffair allegedly another daughter rise hanbury real mess prin,secret know princewilliamaffair allegedly another daughter rise hanbury real mess prin,secret know princewilliamaffair allegedly another daughter rise hanbury real mess prin
49,Marie Bloomer,"RT @isexton: Prince Andrew. Another day, another scandal from the Royal Family. 
#PrinceAndrew #princewilliamaffair #princeandrewtrial http‚Ä¶","rt @isexton: prince andrew. another day, another scandal from the royal family. 
#princeandrew #princewilliamaffair #princeandrewtrial http‚Ä¶","rt @isexton: prince andrew. another day, another scandal from the royal family. #princeandrew #princewilliamaffair #princeandrewtrial http‚Ä¶","rt @isexton: prince andrew. another day, another scandal from the royal family. #princeandrew #princewilliamaffair #princeandrewtrial ","rt @isexton: prince andrew. another day, another scandal from the royal family. #princeandrew #princewilliamaffair #princeandrewtrial ","rt : prince andrew. another day, another scandal from the royal family. #princeandrew #princewilliamaffair #princeandrewtrial ",rt   prince andrew  another day  another scandal from the royal family   princeandrew  princewilliamaffair  princeandrewtrial ,prince andrew another another scandal from royal family princeandrew princewilliamaffair princeandrewtrial,prince andrew another another scandal royal family princeandrew princewilliamaffair princeandrewtrial,"['prince', 'andrew', 'another', 'another', 'scandal', 'royal', 'family', 'princeandrew', 'princewilliamaffair', 'princeandrewtrial']",prince andrew another another scandal royal family princeandrew princewilliamaffair princeandrewtrial,prince andrew another scandal royal family princeandrew princewilliamaffair princeandrewtrial,prince andrew another scandal royal family princeandrew princewilliamaffair princeandrewtrial
